ID,名前,説明,完了
1,pen,oh this is pen,未完了
3,plate,i ate curry using this plate,未完了
4,タスク1,タスク1の説明です,未完了
5,タスク2,タスク2の説明です,完了
6,タスク3,タスク3の説明です,未完了
7,タスク4,タスク4の説明です,完了
8,タスク5,タスク5の説明です,未完了
9,タスク6,タスク6の説明です,完了
10,タスク7,タスク7の説明です,未完了
11,タスク8,タスク8の説明です,完了
12,タスク9,タスク9の説明です,未完了
13,タスク10,タスク10の説明です,完了
14,買い物リスト作成,週末の買い物リストをまとめる,未完了
15,会議資料準備,月曜日の会議用資料を作成する,完了
16,メール返信,未読メールに返信する,未完了
17,報告書作成,月次報告書を作成する,完了
18,コードレビュー,プルリクエストのレビューを行う,未完了
19,テスト実行,ユニットテストを実行して結果を確認する,完了
20,データベース設計,新機能のDB設計を行う,未完了
21,API設計,REST APIの設計書を作成する,完了
22,画面設計,ユーザー画面のワイヤーフレームを作成する,未完了
23,バグ修正,ログイン画面のバグを修正する,完了
24,ドキュメント更新,READMEを最新の状態に更新する,未完了
25,環境構築,開発環境のセットアップ手順を確認する,完了
26,ライブラリ更新,依存ライブラリのバージョンを更新する,未完了
27,セキュリティ確認,セキュリティ脆弱性のチェックを行う,完了
28,パフォーマンス改善,クエリの最適化を行う,未完了
29,デプロイ準備,本番環境へのデプロイ手順を確認する,完了
30,ログ設定,ログレベルの設定を見直す,未完了
31,監視設定,アプリケーション監視の設定を行う,完了
32,バックアップ確認,データベースバックアップの動作確認,未完了
33,ユーザー管理,ユーザー権限の見直しを行う,完了
34,通知機能実装,メール通知機能を実装する,未完了
35,検索機能改善,全文検索機能を改善する,完了
36,CSV出力,データをCSV形式で出力する機能を追加,未完了
37,PDF生成,レポートのPDF出力機能を実装する,完了
38,入力バリデーション,フォームの入力チェックを強化する,未完了
39,エラーハンドリング,エラー処理の統一化を行う,完了
40,キャッシュ設定,Redisキャッシュの設定を最適化する,未完了
41,認証機能改善,JWT認証のリフレッシュトークン対応,完了
42,多言語対応,i18n対応の準備を行う,未完了
43,アクセス解析,ページアクセスログの解析を行う,完了
44,掃除,オフィスの掃除をする,未完了
45,読書,技術書を1章読む,完了
46,運動,30分のジョギングをする,未完了
47,料理,夕食の準備をする,完了
48,洗濯,洗濯物を干す,未完了
49,勉強,Springの公式ドキュメントを読む,完了
50,整理整頓,デスク周りを整理する,未完了
51,健康診断予約,年次健康診断の予約を取る,完了
52,歯医者予約,定期検診の予約をする,未完了
53,銀行手続き,口座の住所変更手続きをする,完了
54,プレゼン準備,来週のプレゼン資料を作成する,未完了
55,議事録作成,本日の会議の議事録を作成する,完了
56,見積書作成,クライアント向け見積書を作成する,未完了
57,請求書確認,今月の請求書を確認する,完了
58,スケジュール調整,来週の打合せ日程を調整する,未完了
59,出張手配,大阪出張の交通手段を手配する,完了
60,研修申込,AWS研修に申し込む,未完了
61,資格勉強,情報処理試験の過去問を解く,完了
62,チーム連絡,チームメンバーに進捗を共有する,未完了
63,振り返り,今週のスプリント振り返りをまとめる,完了
64,目標設定,今期の個人目標を設定する,未完了
65,フィードバック,メンバーへのフィードバックを準備する,完了
66,ブログ執筆,技術ブログの記事を書く,未完了
67,OSS貢献,OSSプロジェクトにコントリビュートする,完了
68,ポートフォリオ更新,個人サイトのポートフォリオを更新する,未完了
69,GitHub整理,リポジトリの整理とREADME更新,完了
70,Docker設定,Docker Composeファイルを見直す,未完了
71,CI/CD構築,GitHub Actionsのワークフローを作成する,完了
72,負荷テスト,JMeterで負荷テストを実行する,未完了
73,E2Eテスト,Seleniumでブラウザテストを作成する,完了
74,APIテスト,PostmanでAPI動作確認を行う,未完了
75,UI改善,ボタンのデザインを改善する,完了
76,レスポンシブ対応,モバイル表示の調整を行う,未完了
77,アクセシビリティ,ARIA属性を追加して対応する,完了
78,SEO対策,メタタグの設定を見直す,未完了
79,OGP設定,SNS共有用のOGP画像を設定する,完了
80,分析ツール導入,Google Analyticsを導入する,未完了
81,ヒートマップ設定,ユーザー行動分析ツールを設定する,完了
82,A/Bテスト設計,ランディングページのA/Bテストを設計する,未完了
83,KPI確認,今月のKPI達成状況を確認する,完了
84,競合調査,競合サービスの機能調査を行う,未完了
85,ユーザー調査,ユーザーインタビューの準備をする,完了
86,要件定義,次期バージョンの要件をまとめる,未完了
87,設計レビュー,アーキテクチャ設計のレビューを行う,完了
88,コーディング規約,チームのコーディング規約を更新する,未完了
89,ペアプロ,新人とペアプログラミングを行う,完了
90,モブプロ,チームでモブプログラミングを実施する,未完了
91,1on1準備,上司との1on1の話題を整理する,完了
92,社内勉強会準備,React勉強会の資料を作成する,未完了
93,LT資料作成,ライトニングトークの資料を準備する,完了
94,カンファレンス参加,技術カンファレンスの参加申込をする,未完了
95,ネットワーク設定,VPN接続の設定を確認する,完了
96,SSL証明書更新,SSL証明書の有効期限を確認する,未完了
97,DNS設定,ドメインのDNS設定を変更する,完了
98,ストレージ整理,クラウドストレージの不要ファイルを削除する,未完了
99,パスワード変更,各サービスのパスワードを更新する,完了
100,二要素認証設定,重要アカウントに2FAを設定する,未完了
101,年末調整,年末調整の書類を提出する,完了
